{
  "n_episodes": 50,
  "heatmap": {
    "grid": [
      [
        2,
        2,
        2,
        1,
        2,
        2,
        2,
        2
      ],
      [
        2,
        -1,
        -1,
        -1,
        -1,
        -1,
        -1,
        -1
      ],
      [
        2,
        2,
        -1,
        -1,
        -1,
        -1,
        -1,
        -1
      ],
      [
        -1,
        2,
        1,
        -1,
        -1,
        -1,
        -1,
        -1
      ],
      [
        -1,
        -1,
        3,
        -1,
        -1,
        -1,
        -1,
        -1
      ],
      [
        -1,
        -1,
        1,
        2,
        -1,
        -1,
        -1,
        -1
      ],
      [
        -1,
        -1,
        -1,
        2,
        2,
        2,
        2,
        2
      ],
      [
        -1,
        -1,
        -1,
        2,
        2,
        2,
        2,
        2
      ],
      [
        -1,
        -1,
        -1,
        -1,
        2,
        2,
        2,
        2
      ],
      [
        -1,
        -1,
        -1,
        -1,
        2,
        2,
        2,
        2
      ]
    ],
    "categories": [
      "noop",
      "contribute",
      "withdraw",
      "spend",
      "retire"
    ],
    "age_edges": [
      26.0,
      35.375000125,
      44.75000025,
      54.125000375,
      63.5000005,
      72.875000625,
      82.25000075,
      91.625000875,
      101.000001
    ],
    "wealth_edges": [
      0.0,
      69926.82230105753,
      154247.49495021388,
      311323.09537789406,
      525272.3374188337,
      764343.3842609153,
      1081718.357308182,
      1553122.3885345128,
      1736219.5359586217,
      1794338.9384668139,
      2272222.8951769006
    ]
  },
  "schedule": {
    "ages": [
      26,
      27,
      28,
      29,
      30,
      31,
      32,
      33,
      34,
      35,
      36,
      37,
      38,
      39,
      40,
      41,
      42,
      43,
      44,
      45,
      46,
      47,
      48,
      49,
      50,
      51,
      52,
      53,
      54,
      55,
      56,
      57,
      58,
      59,
      60,
      61,
      62,
      63,
      64,
      65,
      66,
      67,
      68,
      69,
      70,
      71,
      72,
      73,
      74,
      75,
      76,
      77,
      78,
      79,
      80,
      81,
      82,
      83,
      84,
      85,
      86,
      87,
      88,
      89,
      90,
      91,
      92,
      93,
      94,
      95,
      96,
      97,
      98,
      99,
      100,
      101
    ],
    "avg_contribution": [
      1000.0,
      0.0,
      0.0,
      13882.335620268606,
      10403.509372697734,
      0.0,
      0.0,
      0.0,
      50000.0,
      0.0,
      0.0,
      50000.0,
      0.0,
      0.0,
      28125.0,
      21875.0,
      35416.666666666664,
      14583.333333333334,
      9375.0,
      40625.0,
      0.0,
      0.0,
      1041.6666666666667,
      6250.0,
      20833.333333333332,
      30851.063829787236,
      25531.91489361702,
      29787.23404255319,
      24468.08510638298,
      20652.17391304348,
      20000.0,
      21111.11111111111,
      7777.777777777777,
      0.0,
      2222.222222222222,
      13333.333333333334,
      25555.555555555555,
      11111.111111111111,
      1111.111111111111,
      0.0,
      50000.0,
      50000.0,
      17073.170731707316,
      1250.0,
      0.0,
      0.0,
      0.0,
      570.7410703147118,
      1400.9451744815972,
      2201.9227348762165,
      2245.5951805572927,
      4338.284279614381,
      4288.114790855208,
      4826.271892520158,
      3716.405733975376,
      3930.0263322636415,
      2877.202422599599,
      992.4199898405963,
      1103.3386198614521,
      511.95701023528454,
      0.0,
      0.0,
      0.0,
      0.0,
      0.0,
      0.0,
      0.0,
      0.0,
      0.0,
      0.0,
      0.0,
      0.0,
      0.0,
      0.0,
      0.0,
      0.0
    ],
    "avg_withdrawal": [
      0.0,
      530.9182732726798,
      281.8742128948439,
      54.97426667396067,
      2431.7655411732912,
      2818.52909849091,
      1555.906786930469,
      814.0387689643279,
      0.0,
      476.0072499940392,
      251.85382655741475,
      0.0,
      140.76199135492269,
      77.45264141413598,
      15.88544131049752,
      28.06707666427432,
      8.173826133595314,
      19.327427049383743,
      12.155508687886218,
      3.4409695123974635,
      4174.66785289073,
      48958.333333333336,
      3125.0,
      1041.6666666666667,
      5208.333333333333,
      15957.446808510638,
      24161.63674306613,
      20212.76595744681,
      24803.45071168436,
      28492.48510319196,
      26640.885358544212,
      17553.910550947825,
      1.9511793759760208,
      2.1068539565176807,
      1.8955551586985337,
      2223.232049884282,
      15101.493325868216,
      38126.417937727776,
      48888.88888888889,
      50000.0,
      0.0,
      0.0,
      32926.829268292684,
      48750.0,
      50000.0,
      50000.0,
      50000.0,
      48571.42857142857,
      45588.23529411765,
      40910.52530468178,
      37500.77917394505,
      28337.618629595767,
      23338.09090846035,
      16669.623418918443,
      13464.6597782109,
      8012.69801875166,
      4552.72036510504,
      2636.2120372866425,
      16.994066488259463,
      9.080882527813888,
      139.24867268679554,
      16.668932792173162,
      9.31277570476612,
      6.16442013322133,
      4.634936254575939,
      4.124766365105223,
      2.1645326858910576,
      1.5733462913170206,
      0.7963758319871086,
      0.5146626974064226,
      0.6648561889328914,
      0.0001311994800853861,
      50000.0,
      50000.0,
      50000.0,
      50000.0
    ]
  },
  "lifetime_trace_summary": {
    "final_net_worth": 0.0,
    "steps": 56
  }
}