{
  "reward_preset": "retirement_security",
  "reward_config": {
    "name": "retirement_security",
    "crra_gamma": 2.0,
    "consumption_weight": 1.0,
    "consumption_scale": 10000.0,
    "consumption_floor": 1000.0,
    "bequest_weight": 1.0,
    "bequest_gamma": 1.5,
    "bequest_scale": 100000.0,
    "ruin_penalty": -50.0
  },
  "master_seed": 12345,
  "n_eval": 50,
  "ci": 0.95,
  "held_out_scenario": "recession",
  "conditions": {
    "train": {
      "agent": {
        "n": 50,
        "mean_return": 31.446057200680713,
        "ci_low": 29.18031306294504,
        "ci_high": 33.447472677092506,
        "ruin_rate": 0.0,
        "success_rate": 1.0,
        "net_worth_p10": 186843.17353304595,
        "net_worth_p50": 335601.26219933026,
        "net_worth_p90": 442822.5230884159,
        "mean_steps": 51.86
      },
      "do_nothing": {
        "n": 50,
        "mean_return": 10.098871881359507,
        "ci_low": 4.128896253491603,
        "ci_high": 16.165975727509846,
        "ruin_rate": 0.36,
        "success_rate": 0.64,
        "net_worth_p10": -32664.701372393385,
        "net_worth_p50": 25476.85103135353,
        "net_worth_p90": 239867.82948916563,
        "mean_steps": 49.32
      },
      "always_max_401k": {
        "n": 50,
        "mean_return": 30.06690903750815,
        "ci_low": 27.985403630738467,
        "ci_high": 31.948692628123887,
        "ruin_rate": 0.0,
        "success_rate": 1.0,
        "net_worth_p10": 747918.9088169205,
        "net_worth_p50": 999863.7024012867,
        "net_worth_p90": 1178335.6429152766,
        "mean_steps": 51.86
      },
      "save_25_percent": {
        "n": 50,
        "mean_return": -12.148504370773523,
        "ci_low": -16.021356132806666,
        "ci_high": -7.924248605821878,
        "ruin_rate": 0.02,
        "success_rate": 0.98,
        "net_worth_p10": 170301.0511243855,
        "net_worth_p50": 873991.9594584218,
        "net_worth_p90": 3154664.4542896017,
        "mean_steps": 51.76
      },
      "contribution_waterfall": {
        "n": 50,
        "mean_return": 30.046204558398916,
        "ci_low": 27.9618104210833,
        "ci_high": 31.926466702787312,
        "ruin_rate": 0.0,
        "success_rate": 1.0,
        "net_worth_p10": 689016.2391460915,
        "net_worth_p50": 903470.91123027,
        "net_worth_p90": 1147796.411163568,
        "mean_steps": 51.86
      },
      "age_glide": {
        "n": 50,
        "mean_return": 30.016020924209837,
        "ci_low": 27.931979325397094,
        "ci_high": 31.89680250595206,
        "ruin_rate": 0.0,
        "success_rate": 1.0,
        "net_worth_p10": 645018.4424374036,
        "net_worth_p50": 830317.9848935104,
        "net_worth_p90": 985596.8597776224,
        "mean_steps": 51.86
      },
      "four_percent_drawdown": {
        "n": 50,
        "mean_return": 30.035796181455886,
        "ci_low": 27.955633112705158,
        "ci_high": 31.91324974610177,
        "ruin_rate": 0.0,
        "success_rate": 1.0,
        "net_worth_p10": 653006.4698633845,
        "net_worth_p50": 891977.3439733288,
        "net_worth_p90": 1077136.6421219478,
        "mean_steps": 51.86
      },
      "emergency_fund_first": {
        "n": 50,
        "mean_return": 30.044482431411733,
        "ci_low": 27.9600403656861,
        "ci_high": 31.924944938070723,
        "ruin_rate": 0.0,
        "success_rate": 1.0,
        "net_worth_p10": 688141.3901359647,
        "net_worth_p50": 897910.4755625611,
        "net_worth_p90": 1148603.7895699323,
        "mean_steps": 51.86
      }
    },
    "held_out_seeds": {
      "agent": {
        "n": 50,
        "mean_return": 28.51369942219844,
        "ci_low": 25.9628431723759,
        "ci_high": 30.92167470881168,
        "ruin_rate": 0.0,
        "success_rate": 1.0,
        "net_worth_p10": 204398.11021419233,
        "net_worth_p50": 340780.91824796575,
        "net_worth_p90": 482659.11085550586,
        "mean_steps": 46.7
      },
      "do_nothing": {
        "n": 50,
        "mean_return": 8.855612158378385,
        "ci_low": 3.357733733227188,
        "ci_high": 14.329305906863334,
        "ruin_rate": 0.34,
        "success_rate": 0.62,
        "net_worth_p10": -32747.75071934074,
        "net_worth_p50": 118837.59986384984,
        "net_worth_p90": 296807.4491717087,
        "mean_steps": 44.52
      },
      "always_max_401k": {
        "n": 50,
        "mean_return": 27.541669689695055,
        "ci_low": 25.226635453341228,
        "ci_high": 29.731949050347804,
        "ruin_rate": 0.0,
        "success_rate": 1.0,
        "net_worth_p10": 480095.916729984,
        "net_worth_p50": 945776.7036967946,
        "net_worth_p90": 1094771.447204669,
        "mean_steps": 46.7
      },
      "save_25_percent": {
        "n": 50,
        "mean_return": -2.305320917578274,
        "ci_low": -7.640033356298636,
        "ci_high": 3.1675561447464964,
        "ruin_rate": 0.0,
        "success_rate": 1.0,
        "net_worth_p10": 172949.66730569152,
        "net_worth_p50": 934024.0957964576,
        "net_worth_p90": 3554554.6353178243,
        "mean_steps": 46.7
      },
      "contribution_waterfall": {
        "n": 50,
        "mean_return": 27.52477429217125,
        "ci_low": 25.20978340281147,
        "ci_high": 29.71586679048806,
        "ruin_rate": 0.0,
        "success_rate": 1.0,
        "net_worth_p10": 457384.3677257385,
        "net_worth_p50": 860920.9913905896,
        "net_worth_p90": 1101828.5557623184,
        "mean_steps": 46.7
      },
      "age_glide": {
        "n": 50,
        "mean_return": 27.48999598205778,
        "ci_low": 25.175369002923706,
        "ci_high": 29.67999784304985,
        "ruin_rate": 0.0,
        "success_rate": 1.0,
        "net_worth_p10": 405781.00267036457,
        "net_worth_p50": 781753.2049382676,
        "net_worth_p90": 947260.8176977198,
        "mean_steps": 46.7
      },
      "four_percent_drawdown": {
        "n": 50,
        "mean_return": 27.513341860573206,
        "ci_low": 25.2021011668894,
        "ci_high": 29.699385687677704,
        "ruin_rate": 0.0,
        "success_rate": 1.0,
        "net_worth_p10": 457000.2510826094,
        "net_worth_p50": 823522.7874161385,
        "net_worth_p90": 1028204.7980822156,
        "mean_steps": 46.7
      },
      "emergency_fund_first": {
        "n": 50,
        "mean_return": 27.52169032792913,
        "ci_low": 25.20683518842161,
        "ci_high": 29.713100426512092,
        "ruin_rate": 0.0,
        "success_rate": 1.0,
        "net_worth_p10": 450221.6369006844,
        "net_worth_p50": 855759.3706328368,
        "net_worth_p90": 1066534.589008385,
        "mean_steps": 46.7
      }
    },
    "held_out_scenario": {
      "agent": {
        "n": 50,
        "mean_return": 30.085939300157346,
        "ci_low": 28.028218338311518,
        "ci_high": 32.06341641888339,
        "ruin_rate": 0.0,
        "success_rate": 1.0,
        "net_worth_p10": 293836.4045421604,
        "net_worth_p50": 416912.7328284839,
        "net_worth_p90": 540097.9859515819,
        "mean_steps": 49.58
      },
      "do_nothing": {
        "n": 50,
        "mean_return": 10.754143203643856,
        "ci_low": 5.056217055979207,
        "ci_high": 16.458391109523777,
        "ruin_rate": 0.34,
        "success_rate": 0.66,
        "net_worth_p10": -25218.0598838156,
        "net_worth_p50": 85584.70679913285,
        "net_worth_p90": 307787.12576086406,
        "mean_steps": 46.82
      },
      "always_max_401k": {
        "n": 50,
        "mean_return": 29.73924454084205,
        "ci_low": 27.734251879493325,
        "ci_high": 31.656084076659887,
        "ruin_rate": 0.0,
        "success_rate": 1.0,
        "net_worth_p10": 565312.7651295512,
        "net_worth_p50": 1053183.326273676,
        "net_worth_p90": 1134278.961708636,
        "mean_steps": 49.58
      },
      "save_25_percent": {
        "n": 50,
        "mean_return": -3.1735871145885013,
        "ci_low": -8.192209427476005,